Sample Nº,Date,Time,Milliseconds,Voltage [V],? Voltage [V],Current [?A],? Current [?A],Pressure [mBar],? Pressure [mBar]
1,15-03-2018,10:21:39,546,-74.82E-3,10E-6,5.64E-3,10E-6,3.1,10E-6
2,15-03-2018,10:21:49,546,-74.82E-3,10E-6,5.64E-3,10E-6,3.1,10E-6
3,15-03-2018,10:21:59,546,-74.82E-3,10E-6,5.64E-3,10E-6,3.1,10E-6
4,15-03-2018,10:22:09,546,-74.82E-3,10E-6,5.64E-3,10E-6,3.1,10E-6
5,15-03-2018,10:22:19,546,-74.82E-3,10E-6,5.64E-3,10E-6,3.1,10E-6
6,15-03-2018,10:22:29,546,-74.82E-3,10E-6,5.64E-3,10E-6,3.1,10E-6
7,15-03-2018,10:22:39,546,-74.82E-3,10E-6,5.64E-3,10E-6,3.1,10E-6
8,15-03-2018,10:22:49,546,-74.82E-3,10E-6,5.64E-3,10E-6,3.1,10E-6
9,15-03-2018,10:22:59,546,-74.82E-3,10E-6,5.64E-3,10E-6,3.1,10E-6
10,15-03-2018,10:23:09,546,-74.82E-3,10E-6,5.64E-3,10E-6,3.1,10E-6
11,15-03-2018,10:23:19,546,-74.82E-3,10E-6,5.64E-3,10E-6,3.1,10E-6
12,15-03-2018,10:23:29,546,-74.82E-3,10E-6,5.64E-3,10E-6,3.1,10E-6
13,15-03-2018,10:23:39,546,-74.82E-3,10E-6,5.64E-3,10E-6,3.1,10E-6
14,15-03-2018,10:23:49,546,-74.82E-3,10E-6,5.64E-3,10E-6,3.1,10E-6
15,15-03-2018,10:23:59,546,-74.82E-3,10E-6,5.64E-3,10E-6,3.1,10E-6
16,15-03-2018,10:24:09,546,-74.82E-3,10E-6,5.64E-3,10E-6,3.1,10E-6
17,15-03-2018,10:24:19,546,-74.82E-3,10E-6,5.64E-3,10E-6,3.1,10E-6
18,15-03-2018,10:24:29,546,-74.82E-3,10E-6,5.64E-3,10E-6,3.1,10E-6
19,15-03-2018,10:24:39,546,-74.82E-3,10E-6,5.64E-3,10E-6,3.1,10E-6
20,15-03-2018,10:24:49,546,-74.82E-3,10E-6,5.64E-3,10E-6,3.1,10E-6
21,15-03-2018,10:24:59,546,-74.82E-3,10E-6,5.64E-3,10E-6,3.1,10E-6
22,15-03-2018,10:25:09,546,-74.82E-3,10E-6,5.64E-3,10E-6,3.1,10E-6
23,15-03-2018,10:25:19,546,-74.82E-3,10E-6,5.64E-3,10E-6,3.1,10E-6
24,15-03-2018,10:25:29,546,-74.82E-3,10E-6,5.64E-3,10E-6,3.1,10E-6
25,15-03-2018,10:25:39,546,-74.82E-3,10E-6,5.64E-3,10E-6,3.1,10E-6
26,15-03-2018,10:25:49,546,-74.82E-3,10E-6,5.64E-3,10E-6,3.1,10E-6
27,15-03-2018,10:25:59,546,-74.82E-3,10E-6,5.64E-3,10E-6,3.1,10E-6
28,15-03-2018,10:26:09,546,-74.82E-3,10E-6,5.64E-3,10E-6,3.1,10E-6
29,15-03-2018,10:26:19,546,-74.82E-3,10E-6,5.64E-3,10E-6,3.1,10E-6
30,15-03-2018,10:26:29,546,-74.82E-3,10E-6,5.64E-3,10E-6,3.1,10E-6
31,15-03-2018,10:26:39,546,-74.82E-3,10E-6,5.64E-3,10E-6,3.1,10E-6
32,15-03-2018,10:26:49,546,-74.82E-3,10E-6,5.64E-3,10E-6,3.1,10E-6
33,15-03-2018,10:26:59,546,-74.82E-3,10E-6,5.64E-3,10E-6,3.1,10E-6
34,15-03-2018,10:27:09,546,-74.82E-3,10E-6,5.64E-3,10E-6,3.1,10E-6
35,15-03-2018,10:27:19,546,-74.82E-3,10E-6,5.64E-3,10E-6,3.1,10E-6
36,15-03-2018,10:27:29,546,-74.82E-3,10E-6,5.64E-3,10E-6,3.1,10E-6
37,15-03-2018,10:27:39,546,-74.82E-3,10E-6,5.64E-3,10E-6,3.1,10E-6
38,15-03-2018,10:27:49,546,-74.82E-3,10E-6,5.64E-3,10E-6,3.1,10E-6
39,15-03-2018,10:27:59,546,-74.82E-3,10E-6,5.64E-3,10E-6,3.1,10E-6
40,15-03-2018,10:28:09,546,-74.82E-3,10E-6,5.64E-3,10E-6,3.1,10E-6
41,15-03-2018,10:28:19,546,-74.82E-3,10E-6,5.64E-3,10E-6,3.1,10E-6
42,15-03-2018,10:28:29,546,-74.82E-3,10E-6,5.64E-3,10E-6,3.1,10E-6
43,15-03-2018,10:28:39,546,-74.82E-3,10E-6,5.64E-3,10E-6,3.1,10E-6
44,15-03-2018,10:28:49,546,-74.82E-3,10E-6,5.64E-3,10E-6,3.1,10E-6
45,15-03-2018,10:28:59,546,-74.82E-3,10E-6,5.64E-3,10E-6,3.1,10E-6
46,15-03-2018,10:29:09,546,-74.82E-3,10E-6,5.64E-3,10E-6,3.1,10E-6
47,15-03-2018,10:29:19,546,-74.82E-3,10E-6,5.64E-3,10E-6,3.1,10E-6
48,15-03-2018,10:29:29,546,-74.82E-3,10E-6,5.64E-3,10E-6,3.1,10E-6
49,15-03-2018,10:29:39,546,-74.82E-3,10E-6,5.64E-3,10E-6,3.1,10E-6
50,15-03-2018,10:29:49,546,-74.82E-3,10E-6,5.64E-3,10E-6,3.1,10E-6
51,15-03-2018,10:29:59,546,-74.82E-3,10E-6,5.64E-3,10E-6,3.1,10E-6
52,15-03-2018,10:30:09,546,-74.82E-3,10E-6,5.64E-3,10E-6,3.1,10E-6
53,15-03-2018,10:30:19,546,-74.82E-3,10E-6,5.64E-3,10E-6,3.1,10E-6
54,15-03-2018,10:30:29,546,-74.82E-3,10E-6,5.64E-3,10E-6,3.1,10E-6
55,15-03-2018,10:30:39,546,-74.82E-3,10E-6,5.64E-3,10E-6,3.1,10E-6
56,15-03-2018,10:30:49,546,-74.82E-3,10E-6,5.64E-3,10E-6,3,10E-6
57,15-03-2018,10:30:59,546,65.57,10E-6,195.1,10E-6,0,10E-6
58,15-03-2018,10:31:09,546,65.57,10E-6,177.1,10E-6,0,10E-6
59,15-03-2018,10:31:19,546,65.57,10E-6,166.6,10E-6,0,10E-6
60,15-03-2018,10:31:29,546,65.57,10E-6,158.1,10E-6,0,10E-6
61,15-03-2018,10:31:39,546,65.57,10E-6,122.4,10E-6,0,10E-6
62,15-03-2018,10:31:49,546,52.76,10E-6,63.51,10E-6,0,10E-6
63,15-03-2018,10:31:59,546,40.08,10E-6,29.79,10E-6,0,10E-6
64,15-03-2018,10:32:09,546,27.4,10E-6,12.77,10E-6,0,10E-6
65,15-03-2018,10:32:19,546,16.44,10E-6,3.606,10E-6,0,10E-6
66,15-03-2018,10:32:29,546,6.794,10E-6,-6.541,10E-6,0,10E-6
67,15-03-2018,10:32:39,546,-2.32,10E-6,-10.8,10E-6,0,10E-6
68,15-03-2018,10:32:49,546,-9.057,10E-6,-10.47,10E-6,0,10E-6
69,15-03-2018,10:32:59,546,-14.87,10E-6,-10.14,10E-6,0,10E-6
70,15-03-2018,10:33:09,546,-20.81,10E-6,-10.47,10E-6,0,10E-6
71,15-03-2018,10:33:19,546,-24.64,10E-6,-11.12,10E-6,0,10E-6
72,15-03-2018,10:33:29,546,-27.28,10E-6,-10.47,10E-6,0,10E-6
73,15-03-2018,10:33:39,546,-30.98,10E-6,-9.159,10E-6,0,10E-6
74,15-03-2018,10:33:49,546,-34.42,10E-6,-8.505,10E-6,0,10E-6
75,15-03-2018,10:33:59,546,-37.59,10E-6,-9.159,10E-6,0,10E-6
76,15-03-2018,10:34:09,546,-39.3,10E-6,-7.85,10E-6,0,10E-6
77,15-03-2018,10:34:19,546,-40.49,10E-6,-6.541,10E-6,0,10E-6
78,15-03-2018,10:34:29,546,-43.66,10E-6,-6.214,10E-6,0,10E-6
79,15-03-2018,10:34:39,546,-33.89,10E-6,-7.195,10E-6,0,10E-6
80,15-03-2018,10:34:49,546,-25.3,10E-6,-6.868,10E-6,0,10E-6
81,15-03-2018,10:34:59,546,-19.1,10E-6,-6.868,10E-6,0,10E-6
82,15-03-2018,10:35:09,546,-14.08,10E-6,-7.195,10E-6,0,10E-6
83,15-03-2018,10:35:19,546,-9.849,10E-6,-8.832,10E-6,0,10E-6
84,15-03-2018,10:35:29,546,-5.226,10E-6,-8.832,10E-6,0,10E-6
85,15-03-2018,10:35:39,546,-603.2E-3,10E-6,-8.177,10E-6,0,10E-6
86,15-03-2018,10:35:49,546,3.624,10E-6,-5.232,10E-6,0,10E-6
87,15-03-2018,10:35:59,546,6.53,10E-6,-2.613,10E-6,0,10E-6
88,15-03-2018,10:36:09,546,10.23,10E-6,987.6E-3,10E-6,0,10E-6
89,15-03-2018,10:36:19,546,15.25,10E-6,3.606,10E-6,0,10E-6
90,15-03-2018,10:36:29,546,18.29,10E-6,5.897,10E-6,0,10E-6
91,15-03-2018,10:36:39,546,19.87,10E-6,7.207,10E-6,0,10E-6
92,15-03-2018,10:36:49,546,21.98,10E-6,9.825,10E-6,0,10E-6
93,15-03-2018,10:36:59,546,24.49,10E-6,13.1,10E-6,0,10E-6
94,15-03-2018,10:37:09,546,27.14,10E-6,16.04,10E-6,0,10E-6
95,15-03-2018,10:37:19,546,28.98,10E-6,17.35,10E-6,0,10E-6
96,15-03-2018,10:37:29,546,30.7,10E-6,20.3,10E-6,0,10E-6
97,15-03-2018,10:37:39,546,32.29,10E-6,21.94,10E-6,0,10E-6
98,15-03-2018,10:37:49,546,27.4,10E-6,14.41,10E-6,0,10E-6
99,15-03-2018,10:37:59,546,21.72,10E-6,9.498,10E-6,0,10E-6
100,15-03-2018,10:38:09,546,16.04,10E-6,4.588,10E-6,0,10E-6
101,15-03-2018,10:38:19,546,11.68,10E-6,1.642,10E-6,0,10E-6
102,15-03-2018,10:38:29,546,2.303,10E-6,-7.523,10E-6,0,10E-6
103,15-03-2018,10:38:39,546,-6.679,10E-6,-9.487,10E-6,0,10E-6
104,15-03-2018,10:38:49,546,-13.81,10E-6,-9.487,10E-6,0,10E-6
105,15-03-2018,10:38:59,546,-20.28,10E-6,-9.159,10E-6,0,10E-6
106,15-03-2018,10:39:09,546,-25.83,10E-6,-9.487,10E-6,0,10E-6
107,15-03-2018,10:39:19,546,-29.4,10E-6,-10.8,10E-6,0,10E-6
108,15-03-2018,10:39:29,546,-33.49,10E-6,-10.47,10E-6,0,10E-6
109,15-03-2018,10:39:39,546,-37.46,10E-6,-9.814,10E-6,0,10E-6
110,15-03-2018,10:39:49,546,-41.02,10E-6,-9.487,10E-6,0,10E-6
111,15-03-2018,10:39:59,546,-43.93,10E-6,-9.814,10E-6,0,10E-6
112,15-03-2018,10:40:09,546,-45.25,10E-6,-9.159,10E-6,0,10E-6
113,15-03-2018,10:40:19,546,-46.31,10E-6,-7.85,10E-6,0,10E-6
114,15-03-2018,10:40:29,546,-47.76,10E-6,-7.523,10E-6,0,10E-6
115,15-03-2018,10:40:39,546,-48.95,10E-6,-8.832,10E-6,0,10E-6
116,15-03-2018,10:40:49,546,-49.21,10E-6,-8.505,10E-6,0,10E-6
117,15-03-2018,10:40:59,546,-50.53,10E-6,-8.177,10E-6,0,10E-6
118,15-03-2018,10:41:09,546,-52.12,10E-6,-8.177,10E-6,0,10E-6
119,15-03-2018,10:41:19,546,-54.1,10E-6,-9.814,10E-6,0,10E-6
120,15-03-2018,10:41:29,546,-56.21,10E-6,-9.487,10E-6,0,10E-6
121,15-03-2018,10:41:39,546,-44.72,10E-6,-8.177,10E-6,0,10E-6
122,15-03-2018,10:41:49,546,-35.61,10E-6,-8.177,10E-6,0,10E-6
123,15-03-2018,10:41:59,546,-28.21,10E-6,-9.487,10E-6,0,10E-6
124,15-03-2018,10:42:09,546,-20.81,10E-6,-8.832,10E-6,0,10E-6
125,15-03-2018,10:42:19,546,-12.49,10E-6,-7.85,10E-6,0,10E-6
126,15-03-2018,10:42:29,546,-5.49,10E-6,-7.85,10E-6,0,10E-6
127,15-03-2018,10:42:39,546,-735.3E-3,10E-6,-9.159,10E-6,0,10E-6
128,15-03-2018,10:42:49,546,3.888,10E-6,-5.232,10E-6,0,10E-6
129,15-03-2018,10:42:59,546,8.511,10E-6,333E-3,10E-6,0,10E-6
130,15-03-2018,10:43:09,546,13.13,10E-6,3.934,10E-6,0,10E-6
131,15-03-2018,10:43:19,546,17.23,10E-6,5.897,10E-6,0,10E-6
132,15-03-2018,10:43:29,546,21.06,10E-6,9.825,10E-6,0,10E-6
133,15-03-2018,10:43:39,546,24.76,10E-6,13.43,10E-6,0,10E-6
134,15-03-2018,10:43:49,546,28.32,10E-6,16.7,10E-6,0,10E-6
135,15-03-2018,10:43:59,546,29.51,10E-6,17.68,10E-6,0,10E-6
136,15-03-2018,10:44:09,546,30.83,10E-6,21.61,10E-6,0,10E-6
137,15-03-2018,10:44:19,546,32.55,10E-6,25.21,10E-6,0,10E-6
138,15-03-2018,10:44:29,546,33.87,10E-6,28.81,10E-6,0,10E-6
139,15-03-2018,10:44:39,546,34.53,10E-6,29.46,10E-6,0,10E-6
140,15-03-2018,10:44:49,546,30.57,10E-6,21.61,10E-6,0,10E-6
141,15-03-2018,10:44:59,546,26.74,10E-6,16.04,10E-6,0,10E-6
142,15-03-2018,10:45:09,546,23.3,10E-6,12.44,10E-6,0,10E-6
143,15-03-2018,10:45:19,546,20.8,10E-6,7.534,10E-6,0,10E-6
144,15-03-2018,10:45:29,546,13.27,10E-6,-321.7E-3,10E-6,0,10E-6
145,15-03-2018,10:45:39,546,4.416,10E-6,-7.523,10E-6,0,10E-6
146,15-03-2018,10:45:49,546,-3.245,10E-6,-8.177,10E-6,0,10E-6
147,15-03-2018,10:45:59,546,-10.25,10E-6,-9.159,10E-6,0,10E-6
148,15-03-2018,10:46:09,546,-15.26,10E-6,-8.177,10E-6,0,10E-6
149,15-03-2018,10:46:19,546,-19.1,10E-6,-7.523,10E-6,0,10E-6
150,15-03-2018,10:46:29,546,-23.06,10E-6,-7.523,10E-6,0,10E-6
151,15-03-2018,10:46:39,546,-26.76,10E-6,-8.832,10E-6,0,10E-6
152,15-03-2018,10:46:49,546,-28.87,10E-6,-8.832,10E-6,0,10E-6
153,15-03-2018,10:46:59,546,-31.25,10E-6,-8.832,10E-6,0,10E-6
154,15-03-2018,10:47:09,546,-34.42,10E-6,-8.832,10E-6,0,10E-6
155,15-03-2018,10:47:19,546,-37.32,10E-6,-10.14,10E-6,0,10E-6
156,15-03-2018,10:47:29,546,-39.04,10E-6,-9.487,10E-6,0,10E-6
157,15-03-2018,10:47:39,546,-39.97,10E-6,-8.505,10E-6,0,10E-6
158,15-03-2018,10:47:49,546,-40.63,10E-6,-8.177,10E-6,0,10E-6
159,15-03-2018,10:47:59,546,-41.15,10E-6,-9.487,10E-6,0,10E-6
160,15-03-2018,10:48:09,546,-41.29,10E-6,-8.832,10E-6,0,10E-6
161,15-03-2018,10:48:19,546,-40.89,10E-6,-7.85,10E-6,0,10E-6
162,15-03-2018,10:48:29,546,-40.23,10E-6,-7.523,10E-6,0,10E-6
163,15-03-2018,10:48:39,546,-28.47,10E-6,-8.505,10E-6,0,10E-6
164,15-03-2018,10:48:49,546,-18.83,10E-6,-7.85,10E-6,0,10E-6
165,15-03-2018,10:48:59,546,-10.38,10E-6,-6.541,10E-6,0,10E-6
166,15-03-2018,10:49:09,546,-2.452,10E-6,-6.214,10E-6,0,10E-6
167,15-03-2018,10:49:19,546,4.416,10E-6,-4.577,10E-6,0,10E-6
168,15-03-2018,10:49:29,546,11.42,10E-6,1.97,10E-6,0,10E-6
169,15-03-2018,10:49:39,546,17.36,10E-6,7.207,10E-6,0,10E-6
170,15-03-2018,10:49:49,546,22.64,10E-6,11.13,10E-6,0,10E-6
171,15-03-2018,10:49:59,546,27.14,10E-6,13.75,10E-6,0,10E-6
172,15-03-2018,10:50:09,546,30.31,10E-6,18.34,10E-6,0,10E-6
173,15-03-2018,10:50:19,546,32.82,10E-6,24.23,10E-6,0,10E-6
174,15-03-2018,10:50:29,546,35.19,10E-6,29.79,10E-6,0,10E-6
175,15-03-2018,10:50:39,546,36.91,10E-6,33.72,10E-6,0,10E-6
176,15-03-2018,10:50:49,546,39.68,10E-6,40.27,10E-6,0,10E-6
177,15-03-2018,10:50:59,546,42.33,10E-6,46.81,10E-6,0,10E-6
178,15-03-2018,10:51:09,546,44.84,10E-6,53.36,10E-6,0,10E-6
179,15-03-2018,10:51:19,546,46.95,10E-6,57.94,10E-6,0,10E-6
180,15-03-2018,10:51:29,546,50.91,10E-6,64.49,10E-6,0,10E-6
181,15-03-2018,10:51:39,546,54.35,10E-6,68.09,10E-6,0,10E-6
182,15-03-2018,10:51:49,546,48.53,10E-6,49.76,10E-6,0,10E-6
183,15-03-2018,10:51:59,546,43.78,10E-6,37.65,10E-6,0,10E-6
184,15-03-2018,10:52:09,546,38.89,10E-6,28.48,10E-6,0,10E-6
185,15-03-2018,10:52:19,546,35.59,10E-6,22.92,10E-6,0,10E-6
186,15-03-2018,10:52:29,546,27.27,10E-6,12.12,10E-6,0,10E-6
187,15-03-2018,10:52:39,546,18.95,10E-6,3.279,10E-6,0,10E-6
188,15-03-2018,10:52:49,546,11.42,10E-6,-2.94,10E-6,0,10E-6
189,15-03-2018,10:52:59,546,5.209,10E-6,-6.868,10E-6,0,10E-6
190,15-03-2018,10:53:09,546,-74.82E-3,10E-6,-7.85,10E-6,0,10E-6
191,15-03-2018,10:53:19,546,-6.283,10E-6,-9.814,10E-6,0,10E-6
192,15-03-2018,10:53:29,546,-11.57,10E-6,-9.814,10E-6,0,10E-6
193,15-03-2018,10:53:39,546,-15.93,10E-6,-9.159,10E-6,0,10E-6
194,15-03-2018,10:53:49,546,-19.62,10E-6,-8.832,10E-6,0,10E-6
195,15-03-2018,10:53:59,546,-23.19,10E-6,-10.14,10E-6,0,10E-6
196,15-03-2018,10:54:09,546,-25.57,10E-6,-9.159,10E-6,0,10E-6
197,15-03-2018,10:54:19,546,-27.15,10E-6,-8.177,10E-6,0,10E-6
198,15-03-2018,10:54:29,546,-29.27,10E-6,-7.85,10E-6,0,10E-6
199,15-03-2018,10:54:39,546,-30.85,10E-6,-9.159,10E-6,0,10E-6
200,15-03-2018,10:54:49,546,-30.32,10E-6,-8.505,10E-6,0,10E-6
201,15-03-2018,10:54:59,546,-30.85,10E-6,-7.523,10E-6,0,10E-6
202,15-03-2018,10:55:09,546,-32.04,10E-6,-7.195,10E-6,0,10E-6
203,15-03-2018,10:55:19,546,-33.89,10E-6,-8.177,10E-6,0,10E-6
204,15-03-2018,10:55:29,546,-35.87,10E-6,-7.85,10E-6,0,10E-6
205,15-03-2018,10:55:39,546,-23.98,10E-6,-6.214,10E-6,0,10E-6
206,15-03-2018,10:55:49,546,-14.47,10E-6,-6.214,10E-6,0,10E-6
207,15-03-2018,10:55:59,546,-7.208,10E-6,-7.523,10E-6,0,10E-6
208,15-03-2018,10:56:09,546,189.4E-3,10E-6,-7.195,10E-6,0,10E-6
209,15-03-2018,10:56:19,546,7.058,10E-6,-5.559,10E-6,0,10E-6
210,15-03-2018,10:56:29,546,11.55,10E-6,5.64E-3,10E-6,0,10E-6
211,15-03-2018,10:56:39,546,14.98,10E-6,2.624,10E-6,0,10E-6
212,15-03-2018,10:56:49,546,18.68,10E-6,6.552,10E-6,0,10E-6
213,15-03-2018,10:56:59,546,22.38,10E-6,11.13,10E-6,0,10E-6
214,15-03-2018,10:57:09,546,25.81,10E-6,15.39,10E-6,0,10E-6
215,15-03-2018,10:57:19,546,28.46,10E-6,18.01,10E-6,0,10E-6
216,15-03-2018,10:57:29,546,31.89,10E-6,22.92,10E-6,0,10E-6
217,15-03-2018,10:57:39,546,34.93,10E-6,27.83,10E-6,0,10E-6
218,15-03-2018,10:57:49,546,38.49,10E-6,32.74,10E-6,0,10E-6
219,15-03-2018,10:57:59,546,42.19,10E-6,36.01,10E-6,0,10E-6
220,15-03-2018,10:58:09,546,44.44,10E-6,40.92,10E-6,0,10E-6
221,15-03-2018,10:58:19,546,46.16,10E-6,46.16,10E-6,0,10E-6
222,15-03-2018,10:58:29,546,47.48,10E-6,50.74,10E-6,0,10E-6
223,15-03-2018,10:58:39,546,47.74,10E-6,51.07,10E-6,0,10E-6
224,15-03-2018,10:58:49,546,43.38,10E-6,36.67,10E-6,0,10E-6
225,15-03-2018,10:58:59,546,39.55,10E-6,27.17,10E-6,0,10E-6
226,15-03-2018,10:59:09,546,35.99,10E-6,21.28,10E-6,0,10E-6
227,15-03-2018,10:59:19,546,31.63,10E-6,15.39,10E-6,0,10E-6
228,15-03-2018,10:59:29,546,23.57,10E-6,6.225,10E-6,0,10E-6
229,15-03-2018,10:59:39,546,14.98,10E-6,-1.631,10E-6,0,10E-6
230,15-03-2018,10:59:49,546,6.133,10E-6,-8.505,10E-6,0,10E-6
231,15-03-2018,10:59:59,546,-2.188,10E-6,-10.47,10E-6,0,10E-6
232,15-03-2018,11:00:09,546,-8.396,10E-6,-10.47,10E-6,0,10E-6
233,15-03-2018,11:00:19,546,-13.68,10E-6,-9.487,10E-6,0,10E-6
234,15-03-2018,11:00:29,546,-18.44,10E-6,-9.159,10E-6,0,10E-6
235,15-03-2018,11:00:39,546,-22.79,10E-6,-10.14,10E-6,0,10E-6
236,15-03-2018,11:00:49,546,-25.96,10E-6,-9.159,10E-6,0,10E-6
237,15-03-2018,11:00:59,546,-28.74,10E-6,-8.505,10E-6,0,10E-6
238,15-03-2018,11:01:09,546,-30.19,10E-6,-7.85,10E-6,0,10E-6
239,15-03-2018,11:01:19,546,-31.51,10E-6,-9.159,10E-6,0,10E-6
240,15-03-2018,11:01:29,546,-33.36,10E-6,-8.505,10E-6,0,10E-6
241,15-03-2018,11:01:39,546,-34.95,10E-6,-7.523,10E-6,0,10E-6
242,15-03-2018,11:01:49,546,-36.27,10E-6,-6.868,10E-6,0,10E-6
243,15-03-2018,11:01:59,546,-37.59,10E-6,-7.85,10E-6,0,10E-6
244,15-03-2018,11:02:09,546,-37.59,10E-6,-7.195,10E-6,0,10E-6
245,15-03-2018,11:02:19,546,-37.59,10E-6,-6.541,10E-6,0,10E-6
246,15-03-2018,11:02:29,546,-39.83,10E-6,-7.195,10E-6,0,10E-6
247,15-03-2018,11:02:39,546,-28.87,10E-6,-8.505,10E-6,0,10E-6
248,15-03-2018,11:02:49,546,-19.23,10E-6,-8.177,10E-6,0,10E-6
249,15-03-2018,11:02:59,546,-11.96,10E-6,-8.177,10E-6,0,10E-6
250,15-03-2018,11:03:09,546,-6.151,10E-6,-8.505,10E-6,0,10E-6
251,15-03-2018,11:03:19,546,-1.132,10E-6,-9.814,10E-6,0,10E-6
252,15-03-2018,11:03:29,546,4.02,10E-6,-7.85,10E-6,0,10E-6
253,15-03-2018,11:03:39,546,8.907,10E-6,-976.3E-3,10E-6,0,10E-6
254,15-03-2018,11:03:49,546,13.13,10E-6,3.279,10E-6,0,10E-6
255,15-03-2018,11:03:59,546,16.83,10E-6,5.243,10E-6,0,10E-6
256,15-03-2018,11:04:09,546,20.66,10E-6,9.498,10E-6,0,10E-6
257,15-03-2018,11:04:19,546,24.36,10E-6,13.75,10E-6,0,10E-6
258,15-03-2018,11:04:29,546,29.25,10E-6,17.35,10E-6,0,10E-6
259,15-03-2018,11:04:39,546,32.42,10E-6,19.65,10E-6,0,10E-6
260,15-03-2018,11:04:49,546,34.53,10E-6,23.25,10E-6,0,10E-6
261,15-03-2018,11:04:59,546,36.78,10E-6,27.83,10E-6,0,10E-6
262,15-03-2018,11:05:09,546,38.76,10E-6,31.43,10E-6,0,10E-6
263,15-03-2018,11:05:19,546,40.34,10E-6,33.72,10E-6,0,10E-6
264,15-03-2018,11:05:29,546,43.12,10E-6,37.32,10E-6,0,10E-6
265,15-03-2018,11:05:39,546,44.84,10E-6,39.94,10E-6,0,10E-6
266,15-03-2018,11:05:49,546,39.82,10E-6,28.16,10E-6,0,10E-6
267,15-03-2018,11:05:59,546,35.85,10E-6,20.63,10E-6,0,10E-6
268,15-03-2018,11:06:09,546,31.89,10E-6,14.41,10E-6,0,10E-6
269,15-03-2018,11:06:19,546,27.8,10E-6,10.15,10E-6,0,10E-6
270,15-03-2018,11:06:29,546,17.36,10E-6,1.315,10E-6,0,10E-6
271,15-03-2018,11:06:39,546,7.322,10E-6,-9.159,10E-6,0,10E-6
272,15-03-2018,11:06:49,546,-867.4E-3,10E-6,-10.47,10E-6,0,10E-6
273,15-03-2018,11:06:59,546,-7.34,10E-6,-9.487,10E-6,0,10E-6
274,15-03-2018,11:07:09,546,-13.42,10E-6,-9.159,10E-6,0,10E-6
275,15-03-2018,11:07:19,546,-18.83,10E-6,-10.47,10E-6,0,10E-6
276,15-03-2018,11:07:29,546,-23.32,10E-6,-9.159,10E-6,0,10E-6
277,15-03-2018,11:07:39,546,-26.89,10E-6,-8.505,10E-6,0,10E-6
278,15-03-2018,11:07:49,546,-28.87,10E-6,-7.85,10E-6,0,10E-6
279,15-03-2018,11:07:59,546,-31.38,10E-6,-9.159,10E-6,0,10E-6
280,15-03-2018,11:08:09,546,-34.15,10E-6,-8.505,10E-6,0,10E-6
281,15-03-2018,11:08:19,546,-36.13,10E-6,-7.523,10E-6,0,10E-6
282,15-03-2018,11:08:29,546,-37.98,10E-6,-6.868,10E-6,0,10E-6
283,15-03-2018,11:08:39,546,-39.57,10E-6,-7.85,10E-6,0,10E-6
284,15-03-2018,11:08:49,546,-39.83,10E-6,-7.523,10E-6,0,10E-6
285,15-03-2018,11:08:59,546,-39.83,10E-6,-6.868,10E-6,0,10E-6
286,15-03-2018,11:09:09,546,-40.63,10E-6,-7.195,10E-6,0,10E-6
287,15-03-2018,11:09:19,546,-41.55,10E-6,-8.832,10E-6,0,10E-6
288,15-03-2018,11:09:29,546,-42.87,10E-6,-9.159,10E-6,0,10E-6
289,15-03-2018,11:09:39,546,-31.91,10E-6,-8.832,10E-6,0,10E-6
290,15-03-2018,11:09:49,546,-24.11,10E-6,-9.159,10E-6,0,10E-6
291,15-03-2018,11:09:59,546,-17.64,10E-6,-10.47,10E-6,0,10E-6
292,15-03-2018,11:10:09,546,-11.04,10E-6,-9.814,10E-6,0,10E-6
293,15-03-2018,11:10:19,546,-4.83,10E-6,-8.832,10E-6,0,10E-6
294,15-03-2018,11:10:29,546,717.7E-3,10E-6,-7.85,10E-6,0,10E-6
295,15-03-2018,11:10:39,546,5.341,10E-6,-5.232,10E-6,0,10E-6
296,15-03-2018,11:10:49,546,9.964,10E-6,333E-3,10E-6,0,10E-6
297,15-03-2018,11:10:59,546,14.32,10E-6,4.916,10E-6,0,10E-6
298,15-03-2018,11:11:09,546,19.21,10E-6,8.189,10E-6,0,10E-6
299,15-03-2018,11:11:19,546,23.57,10E-6,10.15,10E-6,0,10E-6
300,15-03-2018,11:11:29,546,26.47,10E-6,13.43,10E-6,0,10E-6
301,15-03-2018,11:11:39,546,29.25,10E-6,17.35,10E-6,0,10E-6
302,15-03-2018,11:11:49,546,31.63,10E-6,20.3,10E-6,0,10E-6
303,15-03-2018,11:11:59,546,33.48,10E-6,22.26,10E-6,0,10E-6
304,15-03-2018,11:12:09,546,36.38,10E-6,25.54,10E-6,0,10E-6
305,15-03-2018,11:12:19,546,39.55,10E-6,29.79,10E-6,0,10E-6
306,15-03-2018,11:12:29,546,41.66,10E-6,33.39,10E-6,0,10E-6
307,15-03-2018,11:12:39,546,42.33,10E-6,34.05,10E-6,0,10E-6
308,15-03-2018,11:12:49,546,38.49,10E-6,24.55,10E-6,0,10E-6
309,15-03-2018,11:12:59,546,34.66,10E-6,17.35,10E-6,0,10E-6
310,15-03-2018,11:13:09,546,30.04,10E-6,13.1,10E-6,0,10E-6
311,15-03-2018,11:13:19,546,25.02,10E-6,7.861,10E-6,0,10E-6
312,15-03-2018,11:13:29,546,15.51,10E-6,5.64E-3,10E-6,0,10E-6
313,15-03-2018,11:13:39,546,6.794,10E-6,-7.85,10E-6,0,10E-6
314,15-03-2018,11:13:49,546,-999.4E-3,10E-6,-8.832,10E-6,0,10E-6
315,15-03-2018,11:13:59,546,-8.132,10E-6,-10.14,10E-6,0,10E-6
316,15-03-2018,11:14:09,546,-13.55,10E-6,-9.159,10E-6,0,10E-6
317,15-03-2018,11:14:19,546,-18.44,10E-6,-8.177,10E-6,0,10E-6
318,15-03-2018,11:14:29,546,-22.79,10E-6,-8.177,10E-6,0,10E-6
319,15-03-2018,11:14:39,546,-25.44,10E-6,-9.159,10E-6,0,10E-6
320,15-03-2018,11:14:49,546,-28.08,10E-6,-8.505,10E-6,0,10E-6
321,15-03-2018,11:14:59,546,-30.98,10E-6,-7.523,10E-6,0,10E-6
322,15-03-2018,11:15:09,546,-33.63,10E-6,-7.195,10E-6,0,10E-6
323,15-03-2018,11:15:19,546,-36.27,10E-6,-8.505,10E-6,0,10E-6
324,15-03-2018,11:15:29,546,-37.59,10E-6,-7.85,10E-6,0,10E-6
325,15-03-2018,11:15:39,546,-37.85,10E-6,-6.868,10E-6,0,10E-6
326,15-03-2018,11:15:49,546,-38.38,10E-6,-7.195,10E-6,0,10E-6
327,15-03-2018,11:15:59,546,-39.7,10E-6,-8.832,10E-6,0,10E-6
328,15-03-2018,11:16:09,546,-39.57,10E-6,-8.505,10E-6,0,10E-6
329,15-03-2018,11:16:19,546,-39.57,10E-6,-8.505,10E-6,0,10E-6
330,15-03-2018,11:16:29,546,-42.08,10E-6,-9.159,10E-6,0,10E-6
331,15-03-2018,11:16:39,546,-32.3,10E-6,-10.47,10E-6,0,10E-6
332,15-03-2018,11:16:49,546,-23.98,10E-6,-10.14,10E-6,0,10E-6
333,15-03-2018,11:16:59,546,-16.45,10E-6,-9.159,10E-6,0,10E-6
334,15-03-2018,11:17:09,546,-9.717,10E-6,-8.505,10E-6,0,10E-6
335,15-03-2018,11:17:19,546,-4.037,10E-6,-9.159,10E-6,0,10E-6
336,15-03-2018,11:17:29,546,1.906,10E-6,-7.85,10E-6,0,10E-6
337,15-03-2018,11:17:39,546,7.322,10E-6,-1.631,10E-6,0,10E-6
338,15-03-2018,11:17:49,546,11.68,10E-6,2.952,10E-6,0,10E-6
339,15-03-2018,11:17:59,546,16.57,10E-6,5.243,10E-6,0,10E-6
340,15-03-2018,11:18:09,546,21.85,10E-6,8.843,10E-6,0,10E-6
341,15-03-2018,11:18:19,546,25.29,10E-6,12.77,10E-6,0,10E-6
342,15-03-2018,11:18:29,546,27.93,10E-6,16.04,10E-6,0,10E-6
343,15-03-2018,11:18:39,546,30.04,10E-6,17.68,10E-6,0,10E-6
344,15-03-2018,11:18:49,546,32.95,10E-6,21.28,10E-6,0,10E-6
345,15-03-2018,11:18:59,546,35.99,10E-6,25.21,10E-6,0,10E-6
346,15-03-2018,11:19:09,546,39.02,10E-6,28.81,10E-6,0,10E-6
347,15-03-2018,11:19:19,546,40.87,10E-6,31.1,10E-6,0,10E-6
348,15-03-2018,11:19:29,546,42.99,10E-6,35.36,10E-6,0,10E-6
349,15-03-2018,11:19:39,546,45.1,10E-6,38.3,10E-6,0,10E-6
350,15-03-2018,11:19:49,546,40.48,10E-6,26.85,10E-6,0,10E-6
351,15-03-2018,11:19:59,546,35.32,10E-6,19.65,10E-6,0,10E-6
352,15-03-2018,11:20:09,546,30.44,10E-6,13.75,10E-6,0,10E-6
353,15-03-2018,11:20:19,546,26.47,10E-6,10.81,10E-6,0,10E-6
354,15-03-2018,11:20:29,546,17.23,10E-6,2.952,10E-6,0,10E-6
355,15-03-2018,11:20:39,546,8.115,10E-6,-7.195,10E-6,0,10E-6
356,15-03-2018,11:20:49,546,453.5E-3,10E-6,-8.832,10E-6,0,10E-6
357,15-03-2018,11:20:59,546,-5.623,10E-6,-8.177,10E-6,0,10E-6
358,15-03-2018,11:21:09,546,-11.43,10E-6,-7.85,10E-6,0,10E-6
359,15-03-2018,11:21:19,546,-16.98,10E-6,-9.159,10E-6,0,10E-6
360,15-03-2018,11:21:29,546,-19.89,10E-6,-8.505,10E-6,0,10E-6
361,15-03-2018,11:21:39,546,-22.53,10E-6,-7.523,10E-6,0,10E-6
362,15-03-2018,11:21:49,546,-26.23,10E-6,-7.523,10E-6,0,10E-6
363,15-03-2018,11:21:59,546,-29.93,10E-6,-8.832,10E-6,0,10E-6
364,15-03-2018,11:22:09,546,-32.3,10E-6,-8.505,10E-6,0,10E-6
365,15-03-2018,11:22:19,546,-33.89,10E-6,-7.523,10E-6,0,10E-6
366,15-03-2018,11:22:29,546,-34.95,10E-6,-7.195,10E-6,0,10E-6
367,15-03-2018,11:22:39,546,-36,10E-6,-8.505,10E-6,0,10E-6
368,15-03-2018,11:22:49,546,-36.8,10E-6,-8.177,10E-6,0,10E-6
369,15-03-2018,11:22:59,546,-37.06,10E-6,-7.85,10E-6,0,10E-6
370,15-03-2018,11:23:09,546,-37.06,10E-6,-8.177,10E-6,0,10E-6
371,15-03-2018,11:23:19,546,-38.25,10E-6,-10.14,10E-6,0,10E-6
372,15-03-2018,11:23:29,546,-40.89,10E-6,-10.14,10E-6,0,10E-6
373,15-03-2018,11:23:39,546,-30.32,10E-6,-9.159,10E-6,0,10E-6
374,15-03-2018,11:23:49,546,-22,10E-6,-8.505,10E-6,0,10E-6
375,15-03-2018,11:23:59,546,-15.13,10E-6,-9.487,10E-6,0,10E-6
376,15-03-2018,11:24:09,546,-8.132,10E-6,-8.505,10E-6,0,10E-6
377,15-03-2018,11:24:19,546,-1.528,10E-6,-7.195,10E-6,0,10E-6
378,15-03-2018,11:24:29,546,4.152,10E-6,-5.232,10E-6,0,10E-6
379,15-03-2018,11:24:39,546,8.511,10E-6,-976.3E-3,10E-6,0,10E-6
380,15-03-2018,11:24:49,546,13.27,10E-6,3.606,10E-6,0,10E-6
381,15-03-2018,11:24:59,546,18.95,10E-6,7.861,10E-6,0,10E-6
382,15-03-2018,11:25:09,546,23.97,10E-6,11.13,10E-6,0,10E-6
383,15-03-2018,11:25:19,546,26.47,10E-6,12.77,10E-6,0,10E-6
384,15-03-2018,11:25:29,546,29.25,10E-6,16.04,10E-6,0,10E-6
385,15-03-2018,11:25:39,546,32.15,10E-6,20.3,10E-6,0,10E-6
386,15-03-2018,11:25:49,546,34.8,10E-6,23.25,10E-6,0,10E-6
387,15-03-2018,11:25:59,546,37.04,10E-6,25.54,10E-6,0,10E-6
388,15-03-2018,11:26:09,546,40.34,10E-6,29.79,10E-6,0,10E-6
389,15-03-2018,11:26:19,546,42.85,10E-6,34.7,10E-6,0,10E-6
390,15-03-2018,11:26:29,546,44.84,10E-6,38.96,10E-6,0,10E-6
391,15-03-2018,11:26:39,546,46.16,10E-6,40.27,10E-6,0,10E-6
392,15-03-2018,11:26:49,546,42.06,10E-6,28.81,10E-6,0,10E-6
393,15-03-2018,11:26:59,546,37.44,10E-6,21.61,10E-6,0,10E-6
394,15-03-2018,11:27:09,546,32.82,10E-6,17.03,10E-6,0,10E-6
395,15-03-2018,11:27:19,546,27.8,10E-6,11.46,10E-6,0,10E-6
396,15-03-2018,11:27:29,546,18.55,10E-6,3.934,10E-6,0,10E-6
397,15-03-2018,11:27:39,546,10.1,10E-6,-3.922,10E-6,0,10E-6
398,15-03-2018,11:27:49,546,2.171,10E-6,-7.523,10E-6,0,10E-6
399,15-03-2018,11:27:59,546,-4.962,10E-6,-8.832,10E-6,0,10E-6
400,15-03-2018,11:28:09,546,-10.38,10E-6,-8.505,10E-6,0,10E-6
401,15-03-2018,11:28:19,546,-15.4,10E-6,-7.85,10E-6,0,10E-6
402,15-03-2018,11:28:29,546,-19.62,10E-6,-7.85,10E-6,0,10E-6
403,15-03-2018,11:28:39,546,-22.53,10E-6,-9.159,10E-6,0,10E-6
404,15-03-2018,11:28:49,546,-25.17,10E-6,-9.159,10E-6,0,10E-6
405,15-03-2018,11:28:59,546,-28.08,10E-6,-8.505,10E-6,0,10E-6
406,15-03-2018,11:29:09,546,-30.72,10E-6,-8.505,10E-6,0,10E-6
407,15-03-2018,11:29:19,546,-33.36,10E-6,-9.814,10E-6,0,10E-6
408,15-03-2018,11:29:29,546,-34.95,10E-6,-8.832,10E-6,0,10E-6
409,15-03-2018,11:29:39,546,-35.47,10E-6,-7.85,10E-6,0,10E-6
410,15-03-2018,11:29:49,546,-35.87,10E-6,-7.85,10E-6,0,10E-6
411,15-03-2018,11:29:59,546,-36.93,10E-6,-8.832,10E-6,0,10E-6
412,15-03-2018,11:30:09,546,-37.46,10E-6,-8.505,10E-6,0,10E-6
413,15-03-2018,11:30:19,546,-37.32,10E-6,-7.523,10E-6,0,10E-6
414,15-03-2018,11:30:29,546,-39.04,10E-6,-7.85,10E-6,0,10E-6
415,15-03-2018,11:30:39,546,-28.87,10E-6,-8.832,10E-6,0,10E-6
416,15-03-2018,11:30:49,546,-20.81,10E-6,-8.177,10E-6,0,10E-6
417,15-03-2018,11:30:59,546,-13.68,10E-6,-7.523,10E-6,0,10E-6
418,15-03-2018,11:31:09,546,-7.075,10E-6,-7.195,10E-6,0,10E-6
419,15-03-2018,11:31:19,546,-1.66,10E-6,-8.177,10E-6,0,10E-6
420,15-03-2018,11:31:29,546,3.888,10E-6,-5.886,10E-6,0,10E-6
421,15-03-2018,11:31:39,546,9.171,10E-6,333E-3,10E-6,0,10E-6
422,15-03-2018,11:31:49,546,13.79,10E-6,4.261,10E-6,0,10E-6
423,15-03-2018,11:31:59,546,17.23,10E-6,6.225,10E-6,0,10E-6
424,15-03-2018,11:32:09,546,21.72,10E-6,9.498,10E-6,0,10E-6
425,15-03-2018,11:32:19,546,27.14,10E-6,13.43,10E-6,0,10E-6
426,15-03-2018,11:32:29,546,30.44,10E-6,16.04,10E-6,0,10E-6
427,15-03-2018,11:32:39,546,32.42,10E-6,18.01,10E-6,0,10E-6
428,15-03-2018,11:32:49,546,34.66,10E-6,21.94,10E-6,0,10E-6
429,15-03-2018,11:32:59,546,37.17,10E-6,26.19,10E-6,0,10E-6
430,15-03-2018,11:33:09,546,39.55,10E-6,29.79,10E-6,0,10E-6
431,15-03-2018,11:33:19,546,41.66,10E-6,32.74,10E-6,0,10E-6
432,15-03-2018,11:33:29,546,44.57,10E-6,37.32,10E-6,0,10E-6
433,15-03-2018,11:33:39,546,45.89,10E-6,40.59,10E-6,0,10E-6
434,15-03-2018,11:33:49,546,41.14,10E-6,29.46,10E-6,0,10E-6
435,15-03-2018,11:33:59,546,37.44,10E-6,22.59,10E-6,0,10E-6
436,15-03-2018,11:34:09,546,33.61,10E-6,16.7,10E-6,0,10E-6
437,15-03-2018,11:34:19,546,29.51,10E-6,13.1,10E-6,0,10E-6
438,15-03-2018,11:34:29,546,19.74,10E-6,4.916,10E-6,0,10E-6
439,15-03-2018,11:34:39,546,9.832,10E-6,-5.232,10E-6,0,10E-6
440,15-03-2018,11:34:49,546,1.774,10E-6,-8.177,10E-6,0,10E-6
441,15-03-2018,11:34:59,546,-4.83,10E-6,-7.523,10E-6,0,10E-6
442,15-03-2018,11:35:09,546,-10.77,10E-6,-7.85,10E-6,0,10E-6
443,15-03-2018,11:35:19,546,-16.45,10E-6,-9.487,10E-6,0,10E-6
444,15-03-2018,11:35:29,546,-20.55,10E-6,-9.487,10E-6,0,10E-6
445,15-03-2018,11:35:39,546,-24.25,10E-6,-8.832,10E-6,0,10E-6
446,15-03-2018,11:35:49,546,-27.55,10E-6,-9.159,10E-6,0,10E-6
447,15-03-2018,11:35:59,546,-29.66,10E-6,-10.47,10E-6,0,10E-6
448,15-03-2018,11:36:09,546,-30.85,10E-6,-10.14,10E-6,0,10E-6
449,15-03-2018,11:36:19,546,-32.83,10E-6,-9.487,10E-6,0,10E-6
450,15-03-2018,11:36:29,546,-34.95,10E-6,-9.487,10E-6,0,10E-6
451,15-03-2018,11:36:39,546,-37.06,10E-6,-10.47,10E-6,0,10E-6
452,15-03-2018,11:36:49,546,-38.12,10E-6,-9.159,10E-6,0,10E-6
453,15-03-2018,11:36:59,546,-38.51,10E-6,-7.85,10E-6,0,10E-6
454,15-03-2018,11:37:09,546,-38.51,10E-6,-6.868,10E-6,0,10E-6
455,15-03-2018,11:37:19,546,-39.44,10E-6,-7.85,10E-6,0,10E-6
456,15-03-2018,11:37:29,546,-41.29,10E-6,-7.195,10E-6,0,10E-6
457,15-03-2018,11:37:39,546,-29.79,10E-6,-5.886,10E-6,0,10E-6
458,15-03-2018,11:37:49,546,-20.15,10E-6,-5.886,10E-6,0,10E-6
459,15-03-2018,11:37:59,546,-12.89,10E-6,-7.195,10E-6,0,10E-6
460,15-03-2018,11:38:09,546,-6.679,10E-6,-6.868,10E-6,0,10E-6
461,15-03-2018,11:38:19,546,-603.2E-3,10E-6,-6.214,10E-6,0,10E-6
462,15-03-2018,11:38:29,546,4.152,10E-6,-5.559,10E-6,0,10E-6
463,15-03-2018,11:38:39,546,8.115,10E-6,-1.958,10E-6,0,10E-6
464,15-03-2018,11:38:49,546,12.47,10E-6,1.97,10E-6,0,10E-6
465,15-03-2018,11:38:59,546,16.83,10E-6,5.897,10E-6,0,10E-6
466,15-03-2018,11:39:09,546,20.66,10E-6,8.516,10E-6,0,10E-6
467,15-03-2018,11:39:19,546,23.57,10E-6,10.15,10E-6,0,10E-6
468,15-03-2018,11:39:29,546,26.74,10E-6,14.08,10E-6,0,10E-6
469,15-03-2018,11:39:39,546,30.7,10E-6,18.01,10E-6,0,10E-6
470,15-03-2018,11:39:49,546,35.06,10E-6,20.95,10E-6,0,10E-6
471,15-03-2018,11:39:59,546,37.17,10E-6,23.25,10E-6,0,10E-6
472,15-03-2018,11:40:09,546,39.29,10E-6,27.5,10E-6,0,10E-6
473,15-03-2018,11:40:19,546,41.27,10E-6,32.08,10E-6,0,10E-6
474,15-03-2018,11:40:29,546,42.85,10E-6,36.67,10E-6,0,10E-6
475,15-03-2018,11:40:39,546,43.51,10E-6,37.32,10E-6,0,10E-6
476,15-03-2018,11:40:49,546,39.42,10E-6,27.5,10E-6,0,10E-6
477,15-03-2018,11:40:59,546,35.59,10E-6,20.95,10E-6,0,10E-6
478,15-03-2018,11:41:09,546,32.29,10E-6,17.03,10E-6,0,10E-6
479,15-03-2018,11:41:19,546,27.93,10E-6,12.44,10E-6,0,10E-6
480,15-03-2018,11:41:29,546,19.47,10E-6,4.588,10E-6,0,10E-6
481,15-03-2018,11:41:39,546,11.68,10E-6,-3.595,10E-6,0,10E-6
482,15-03-2018,11:41:49,546,3.492,10E-6,-6.214,10E-6,0,10E-6
483,15-03-2018,11:41:59,546,-4.434,10E-6,-8.505,10E-6,0,10E-6
484,15-03-2018,11:42:09,546,-10.77,10E-6,-8.832,10E-6,0,10E-6
485,15-03-2018,11:42:19,546,-16.19,10E-6,-8.832,10E-6,0,10E-6
486,15-03-2018,11:42:29,546,-20.81,10E-6,-9.487,10E-6,0,10E-6
487,15-03-2018,11:42:39,546,-25.3,10E-6,-11.12,10E-6,0,10E-6
488,15-03-2018,11:42:49,546,-28.61,10E-6,-10.8,10E-6,0,10E-6
489,15-03-2018,11:42:59,546,-30.85,10E-6,-10.14,10E-6,0,10E-6
490,15-03-2018,11:43:09,546,-33.23,10E-6,-10.14,10E-6,0,10E-6
491,15-03-2018,11:43:19,546,-35.87,10E-6,-11.45,10E-6,0,10E-6
492,15-03-2018,11:43:29,546,-36.4,10E-6,-10.47,10E-6,0,10E-6
493,15-03-2018,11:43:39,546,-36.27,10E-6,-9.487,10E-6,0,10E-6
494,15-03-2018,11:43:49,546,-37.59,10E-6,-8.832,10E-6,0,10E-6
495,15-03-2018,11:43:59,546,-39.3,10E-6,-9.814,10E-6,0,10E-6
496,15-03-2018,11:44:09,546,-40.36,10E-6,-8.505,10E-6,0,10E-6
497,15-03-2018,11:44:19,546,-41.15,10E-6,-7.195,10E-6,0,10E-6
498,15-03-2018,11:44:29,546,-43.14,10E-6,-6.541,10E-6,0,10E-6
499,15-03-2018,11:44:39,546,-31.91,10E-6,-6.868,10E-6,0,10E-6
500,15-03-2018,11:44:49,546,-22.13,10E-6,-5.886,10E-6,0,10E-6
501,15-03-2018,11:44:59,546,-13.94,10E-6,-4.904,10E-6,0,10E-6
502,15-03-2018,11:45:09,546,-6.811,10E-6,-4.577,10E-6,0,10E-6
503,15-03-2018,11:45:19,546,-339E-3,10E-6,-6.541,10E-6,0,10E-6
504,15-03-2018,11:45:29,546,5.605,10E-6,-6.541,10E-6,0,10E-6
505,15-03-2018,11:45:39,546,10.36,10E-6,-1.304,10E-6,0,10E-6
506,15-03-2018,11:45:49,546,13.93,10E-6,2.297,10E-6,0,10E-6
507,15-03-2018,11:45:59,546,16.83,10E-6,3.934,10E-6,0,10E-6
508,15-03-2018,11:46:09,546,20.27,10E-6,7.534,10E-6,0,10E-6
509,15-03-2018,11:46:19,546,23.57,10E-6,10.81,10E-6,0,10E-6
510,15-03-2018,11:46:29,546,26.47,10E-6,14.08,10E-6,0,10E-6
511,15-03-2018,11:46:39,546,28.85,10E-6,16.04,10E-6,0,10E-6
512,15-03-2018,11:46:49,546,32.02,10E-6,19.65,10E-6,0,10E-6
513,15-03-2018,11:46:59,546,34.8,10E-6,24.23,10E-6,0,10E-6
514,15-03-2018,11:47:09,546,37.31,10E-6,28.48,10E-6,0,10E-6
515,15-03-2018,11:47:19,546,40.34,10E-6,31.1,10E-6,0,10E-6
516,15-03-2018,11:47:29,546,43.65,10E-6,35.68,10E-6,0,10E-6
517,15-03-2018,11:47:39,546,44.97,10E-6,38.63,10E-6,0,10E-6
518,15-03-2018,11:47:49,546,39.55,10E-6,27.5,10E-6,0,10E-6
519,15-03-2018,11:47:59,546,34.8,10E-6,20.95,10E-6,0,10E-6
520,15-03-2018,11:48:09,546,30.44,10E-6,15.06,10E-6,0,10E-6
521,15-03-2018,11:48:19,546,27.14,10E-6,12.44,10E-6,0,10E-6
522,15-03-2018,11:48:29,546,18.42,10E-6,4.916,10E-6,0,10E-6
523,15-03-2018,11:48:39,546,9.964,10E-6,-4.577,10E-6,0,10E-6
524,15-03-2018,11:48:49,546,2.435,10E-6,-6.541,10E-6,0,10E-6
525,15-03-2018,11:48:59,546,-3.773,10E-6,-6.214,10E-6,0,10E-6
526,15-03-2018,11:49:09,546,-8.925,10E-6,-6.868,10E-6,0,10E-6
527,15-03-2018,11:49:19,546,-13.81,10E-6,-9.159,10E-6,0,10E-6
528,15-03-2018,11:49:29,546,-18.44,10E-6,-9.159,10E-6,0,10E-6
529,15-03-2018,11:49:39,546,-22.79,10E-6,-9.159,10E-6,0,10E-6
530,15-03-2018,11:49:49,546,-26.62,10E-6,-9.814,10E-6,0,10E-6
531,15-03-2018,11:49:59,546,-30.46,10E-6,-11.45,10E-6,0,10E-6
532,15-03-2018,11:50:09,546,-32.96,10E-6,-10.8,10E-6,0,10E-6
533,15-03-2018,11:50:19,546,-34.95,10E-6,-10.14,10E-6,0,10E-6
534,15-03-2018,11:50:29,546,-36.66,10E-6,-9.487,10E-6,0,10E-6
535,15-03-2018,11:50:39,546,-38.51,10E-6,-10.47,10E-6,0,10E-6
536,15-03-2018,11:50:49,546,-39.3,10E-6,-9.487,10E-6,0,10E-6
537,15-03-2018,11:50:59,546,-40.1,10E-6,-8.505,10E-6,0,10E-6
538,15-03-2018,11:51:09,546,-40.89,10E-6,-8.177,10E-6,0,10E-6
539,15-03-2018,11:51:19,546,-41.42,10E-6,-9.159,10E-6,0,10E-6
540,15-03-2018,11:51:29,546,-42.08,10E-6,-8.505,10E-6,0,10E-6
541,15-03-2018,11:51:39,546,-30.85,10E-6,-7.195,10E-6,0,10E-6
542,15-03-2018,11:51:49,546,-22.27,10E-6,-6.868,10E-6,0,10E-6
543,15-03-2018,11:51:59,546,-15.4,10E-6,-8.177,10E-6,0,10E-6
544,15-03-2018,11:52:09,546,-8.264,10E-6,-7.195,10E-6,0,10E-6
545,15-03-2018,11:52:19,546,-1.66,10E-6,-6.214,10E-6,0,10E-6
546,15-03-2018,11:52:29,546,4.416,10E-6,-5.232,10E-6,0,10E-6
547,15-03-2018,11:52:39,546,9.832,10E-6,-1.631,10E-6,0,10E-6
548,15-03-2018,11:52:49,546,14.59,10E-6,2.624,10E-6,0,10E-6
549,15-03-2018,11:52:59,546,19.21,10E-6,6.552,10E-6,0,10E-6
550,15-03-2018,11:53:09,546,23.44,10E-6,9.498,10E-6,0,10E-6
551,15-03-2018,11:53:19,546,26.87,10E-6,11.13,10E-6,0,10E-6
552,15-03-2018,11:53:29,546,29.78,10E-6,14.41,10E-6,0,10E-6
553,15-03-2018,11:53:39,546,32.02,10E-6,18.66,10E-6,0,10E-6
554,15-03-2018,11:53:49,546,33.74,10E-6,22.26,10E-6,0,10E-6
555,15-03-2018,11:53:59,546,35.06,10E-6,24.23,10E-6,0,10E-6
556,15-03-2018,11:54:09,546,36.91,10E-6,28.81,10E-6,0,10E-6
557,15-03-2018,11:54:19,546,39.16,10E-6,33.72,10E-6,0,10E-6
558,15-03-2018,11:54:29,546,41.14,10E-6,37.65,10E-6,0,10E-6
559,15-03-2018,11:54:39,546,41.93,10E-6,38.63,10E-6,0,10E-6
560,15-03-2018,11:54:49,546,37.83,10E-6,28.16,10E-6,0,10E-6
561,15-03-2018,11:54:59,546,33.61,10E-6,20.95,10E-6,0,10E-6
562,15-03-2018,11:55:09,546,30.31,10E-6,16.37,10E-6,0,10E-6
563,15-03-2018,11:55:19,546,27.4,10E-6,10.48,10E-6,0,10E-6
564,15-03-2018,11:55:29,546,19.47,10E-6,2.297,10E-6,0,10E-6
565,15-03-2018,11:55:39,546,10.49,10E-6,-5.559,10E-6,0,10E-6
566,15-03-2018,11:55:49,546,2.303,10E-6,-8.177,10E-6,0,10E-6
567,15-03-2018,11:55:59,546,-5.094,10E-6,-9.487,10E-6,0,10E-6
568,15-03-2018,11:56:09,546,-10.77,10E-6,-8.832,10E-6,0,10E-6
569,15-03-2018,11:56:19,546,-15.4,10E-6,-7.85,10E-6,0,10E-6
570,15-03-2018,11:56:29,546,-19.1,10E-6,-7.85,10E-6,0,10E-6
571,15-03-2018,11:56:39,546,-22.79,10E-6,-8.832,10E-6,0,10E-6
572,15-03-2018,11:56:49,546,-25.7,10E-6,-8.177,10E-6,0,10E-6
573,15-03-2018,11:56:59,546,-28.08,10E-6,-7.523,10E-6,0,10E-6
574,15-03-2018,11:57:09,546,-29.79,10E-6,-7.195,10E-6,0,10E-6
575,15-03-2018,11:57:19,546,-31.78,10E-6,-8.832,10E-6,0,10E-6
576,15-03-2018,11:57:29,546,-33.63,10E-6,-8.177,10E-6,0,10E-6
577,15-03-2018,11:57:39,546,-35.61,10E-6,-7.85,10E-6,0,10E-6
578,15-03-2018,11:57:49,546,-37.32,10E-6,-7.85,10E-6,0,10E-6
579,15-03-2018,11:57:59,546,-39.17,10E-6,-9.159,10E-6,0,10E-6
580,15-03-2018,11:58:09,546,-40.1,10E-6,-8.832,10E-6,0,10E-6
581,15-03-2018,11:58:19,546,-41.02,10E-6,-8.177,10E-6,0,10E-6
582,15-03-2018,11:58:29,546,-43.27,10E-6,-8.177,10E-6,0,10E-6
583,15-03-2018,11:58:39,546,-32.44,10E-6,-9.487,10E-6,0,10E-6
584,15-03-2018,11:58:49,546,-23.32,10E-6,-9.159,10E-6,0,10E-6
585,15-03-2018,11:58:59,546,-15.53,10E-6,-8.177,10E-6,0,10E-6
586,15-03-2018,11:59:09,546,-8.528,10E-6,-8.177,10E-6,0,10E-6
587,15-03-2018,11:59:19,546,-1.396,10E-6,-9.487,10E-6,0,10E-6
588,15-03-2018,11:59:29,546,5.209,10E-6,-7.85,10E-6,0,10E-6
589,15-03-2018,11:59:39,546,10.23,10E-6,-2.286,10E-6,0,10E-6
590,15-03-2018,11:59:49,546,14.45,10E-6,1.642,10E-6,0,10E-6
591,15-03-2018,11:59:59,546,17.89,10E-6,3.934,10E-6,0,10E-6
592,15-03-2018,12:00:09,546,21.72,10E-6,7.861,10E-6,0,10E-6
593,15-03-2018,12:00:19,546,25.81,10E-6,12.44,10E-6,0,10E-6
594,15-03-2018,12:00:29,546,29.51,10E-6,16.37,10E-6,0,10E-6
595,15-03-2018,12:00:39,546,32.42,10E-6,18.66,10E-6,0,10E-6
596,15-03-2018,12:00:49,546,35.06,10E-6,22.92,10E-6,0,10E-6
597,15-03-2018,12:00:59,546,37.97,10E-6,27.5,10E-6,0,10E-6
598,15-03-2018,12:01:09,546,40.74,10E-6,31.43,10E-6,0,10E-6
599,15-03-2018,12:01:19,546,42.72,10E-6,33.72,10E-6,0,10E-6
600,15-03-2018,12:01:29,546,44.17,10E-6,37.98,10E-6,0,10E-6
601,15-03-2018,12:01:39,546,44.84,10E-6,40.92,10E-6,0,10E-6
602,15-03-2018,12:01:49,546,39.29,10E-6,29.46,10E-6,0,10E-6
603,15-03-2018,12:01:59,546,34.53,10E-6,21.61,10E-6,0,10E-6
604,15-03-2018,12:02:09,546,30.17,10E-6,15.06,10E-6,0,10E-6
605,15-03-2018,12:02:19,546,26.61,10E-6,11.46,10E-6,0,10E-6
606,15-03-2018,12:02:29,546,17.62,10E-6,2.624,10E-6,0,10E-6
607,15-03-2018,12:02:39,546,8.643,10E-6,-7.523,10E-6,0,10E-6
608,15-03-2018,12:02:49,546,1.114,10E-6,-10.14,10E-6,0,10E-6
609,15-03-2018,12:02:59,546,-5.358,10E-6,-9.487,10E-6,0,10E-6
610,15-03-2018,12:03:09,546,-11.17,10E-6,-9.487,10E-6,0,10E-6
611,15-03-2018,12:03:19,546,-15.53,10E-6,-10.8,10E-6,0,10E-6
612,15-03-2018,12:03:29,546,-18.83,10E-6,-10.14,10E-6,0,10E-6
613,15-03-2018,12:03:39,546,-22.66,10E-6,-9.159,10E-6,0,10E-6
614,15-03-2018,12:03:49,546,-26.36,10E-6,-8.505,10E-6,0,10E-6
615,15-03-2018,12:03:59,546,-29.93,10E-6,-9.487,10E-6,0,10E-6
616,15-03-2018,12:04:09,546,-32.17,10E-6,-8.177,10E-6,0,10E-6
617,15-03-2018,12:04:19,546,-33.76,10E-6,-6.541,10E-6,0,10E-6
618,15-03-2018,12:04:29,546,-34.95,10E-6,-5.886,10E-6,0,10E-6
619,15-03-2018,12:04:39,546,-36.13,10E-6,-7.195,10E-6,0,10E-6
620,15-03-2018,12:04:49,546,-36.8,10E-6,-6.541,10E-6,0,10E-6
621,15-03-2018,12:04:59,546,-37.32,10E-6,-5.559,10E-6,0,10E-6
622,15-03-2018,12:05:09,546,-37.59,10E-6,-5.886,10E-6,0,10E-6
623,15-03-2018,12:05:19,546,-38.38,10E-6,-7.85,10E-6,0,10E-6
624,15-03-2018,12:05:29,546,-40.36,10E-6,-8.505,10E-6,0,10E-6
625,15-03-2018,12:05:39,546,-29.66,10E-6,-7.85,10E-6,0,10E-6
626,15-03-2018,12:05:49,546,-21.47,10E-6,-8.505,10E-6,0,10E-6
627,15-03-2018,12:05:59,546,-14.87,10E-6,-10.14,10E-6,0,10E-6
628,15-03-2018,12:06:09,546,-8.132,10E-6,-9.814,10E-6,0,10E-6
629,15-03-2018,12:06:19,546,-1.792,10E-6,-8.832,10E-6,0,10E-6
630,15-03-2018,12:06:29,546,3.624,10E-6,-7.85,10E-6,0,10E-6
631,15-03-2018,12:06:39,546,7.85,10E-6,-3.922,10E-6,0,10E-6
632,15-03-2018,12:06:49,546,12.87,10E-6,987.6E-3,10E-6,0,10E-6
633,15-03-2018,12:06:59,546,17.23,10E-6,5.243,10E-6,0,10E-6
634,15-03-2018,12:07:09,546,20.93,10E-6,9.171,10E-6,0,10E-6
635,15-03-2018,12:07:19,546,24.49,10E-6,11.13,10E-6,0,10E-6
636,15-03-2018,12:07:29,546,29.25,10E-6,15.39,10E-6,0,10E-6
637,15-03-2018,12:07:39,546,32.82,10E-6,19.65,10E-6,0,10E-6
638,15-03-2018,12:07:49,546,35.06,10E-6,23.25,10E-6,0,10E-6
639,15-03-2018,12:07:59,546,36.65,10E-6,25.54,10E-6,0,10E-6
640,15-03-2018,12:08:09,546,38.76,10E-6,29.79,10E-6,0,10E-6
641,15-03-2018,12:08:19,546,41.14,10E-6,34.37,10E-6,0,10E-6
642,15-03-2018,12:08:29,546,43.25,10E-6,37.98,10E-6,0,10E-6
643,15-03-2018,12:08:39,546,44.17,10E-6,38.63,10E-6,0,10E-6
644,15-03-2018,12:08:49,546,40.34,10E-6,27.83,10E-6,0,10E-6
645,15-03-2018,12:08:59,546,36.25,10E-6,20.95,10E-6,0,10E-6
646,15-03-2018,12:09:09,546,32.55,10E-6,16.37,10E-6,0,10E-6
647,15-03-2018,12:09:19,546,28.72,10E-6,10.81,10E-6,0,10E-6
648,15-03-2018,12:09:29,546,20.4,10E-6,2.952,10E-6,0,10E-6
649,15-03-2018,12:09:39,546,11.81,10E-6,-5.559,10E-6,0,10E-6
650,15-03-2018,12:09:49,546,3.227,10E-6,-8.832,10E-6,0,10E-6
651,15-03-2018,12:09:59,546,-4.566,10E-6,-10.47,10E-6,0,10E-6
652,15-03-2018,12:10:09,546,-10.64,10E-6,-10.14,10E-6,0,10E-6
653,15-03-2018,12:10:19,546,-15.93,10E-6,-9.487,10E-6,0,10E-6
654,15-03-2018,12:10:29,546,-20.55,10E-6,-9.159,10E-6,0,10E-6
655,15-03-2018,12:10:39,546,-24.78,10E-6,-10.14,10E-6,0,10E-6
656,15-03-2018,12:10:49,546,-28.08,10E-6,-9.159,10E-6,0,10E-6
657,15-03-2018,12:10:59,546,-30.32,10E-6,-8.505,10E-6,0,10E-6
658,15-03-2018,12:11:09,546,-32.83,10E-6,-8.177,10E-6,0,10E-6
659,15-03-2018,12:11:19,546,-35.47,10E-6,-9.159,10E-6,0,10E-6
660,15-03-2018,12:11:29,546,-36.66,10E-6,-8.832,10E-6,0,10E-6
661,15-03-2018,12:11:39,546,-36.4,10E-6,-7.85,10E-6,0,10E-6
662,15-03-2018,12:11:49,546,-36.93,10E-6,-7.85,10E-6,0,10E-6
663,15-03-2018,12:11:59,546,-38.64,10E-6,-9.159,10E-6,0,10E-6
664,15-03-2018,12:12:09,546,-39.57,10E-6,-8.832,10E-6,0,10E-6
665,15-03-2018,12:12:19,546,-40.49,10E-6,-8.177,10E-6,0,10E-6
666,15-03-2018,12:12:29,546,-42.74,10E-6,-8.177,10E-6,0,10E-6
667,15-03-2018,12:12:39,546,-32.04,10E-6,-8.832,10E-6,0,10E-6
668,15-03-2018,12:12:49,546,-22.53,10E-6,-7.85,10E-6,0,10E-6
669,15-03-2018,12:12:59,546,-13.81,10E-6,-6.868,10E-6,0,10E-6
670,15-03-2018,12:13:09,546,-6.547,10E-6,-6.541,10E-6,0,10E-6
671,15-03-2018,12:13:19,546,-603.2E-3,10E-6,-7.523,10E-6,0,10E-6
672,15-03-2018,12:13:29,546,5.605,10E-6,-6.214,10E-6,0,10E-6
673,15-03-2018,12:13:39,546,11.55,10E-6,-649E-3,10E-6,0,10E-6
674,15-03-2018,12:13:49,546,16.04,10E-6,3.279,10E-6,0,10E-6
675,15-03-2018,12:13:59,546,18.81,10E-6,4.916,10E-6,0,10E-6
676,15-03-2018,12:14:09,546,21.98,10E-6,9.171,10E-6,0,10E-6
677,15-03-2018,12:14:19,546,25.02,10E-6,12.77,10E-6,0,10E-6
678,15-03-2018,12:14:29,546,27.53,10E-6,16.37,10E-6,0,10E-6
679,15-03-2018,12:14:39,546,29.51,10E-6,18.01,10E-6,0,10E-6
680,15-03-2018,12:14:49,546,32.29,10E-6,22.26,10E-6,0,10E-6
681,15-03-2018,12:14:59,546,34.8,10E-6,26.52,10E-6,0,10E-6
682,15-03-2018,12:15:09,546,37.04,10E-6,30.12,10E-6,0,10E-6
683,15-03-2018,12:15:19,546,39.02,10E-6,32.08,10E-6,0,10E-6
684,15-03-2018,12:15:29,546,41.14,10E-6,36.01,10E-6,0,10E-6
685,15-03-2018,12:15:39,546,42.99,10E-6,38.63,10E-6,0,10E-6
686,15-03-2018,12:15:49,546,39.02,10E-6,26.85,10E-6,0,10E-6
687,15-03-2018,12:15:59,546,36.12,10E-6,19.65,10E-6,0,10E-6
688,15-03-2018,12:16:09,546,32.15,10E-6,13.75,10E-6,0,10E-6
689,15-03-2018,12:16:19,546,28.46,10E-6,10.15,10E-6,0,10E-6
690,15-03-2018,12:16:29,546,18.68,10E-6,1.97,10E-6,0,10E-6
691,15-03-2018,12:16:39,546,9.039,10E-6,-7.195,10E-6,0,10E-6
692,15-03-2018,12:16:49,546,1.378,10E-6,-8.832,10E-6,0,10E-6
693,15-03-2018,12:16:59,546,-4.83,10E-6,-7.523,10E-6,0,10E-6
694,15-03-2018,12:17:09,546,-9.981,10E-6,-6.541,10E-6,0,10E-6
695,15-03-2018,12:17:19,546,-14.87,10E-6,-7.523,10E-6,0,10E-6
696,15-03-2018,12:17:29,546,-18.83,10E-6,-6.541,10E-6,0,10E-6
697,15-03-2018,12:17:39,546,-22.4,10E-6,-5.886,10E-6,0,10E-6
698,15-03-2018,12:17:49,546,-25.3,10E-6,-5.886,10E-6,0,10E-6
699,15-03-2018,12:17:59,546,-27.81,10E-6,-7.523,10E-6,0,10E-6
700,15-03-2018,12:18:09,546,-29.93,10E-6,-7.523,10E-6,0,10E-6
701,15-03-2018,12:18:19,546,-32.44,10E-6,-7.195,10E-6,0,10E-6
702,15-03-2018,12:18:29,546,-34.81,10E-6,-7.523,10E-6,0,10E-6
703,15-03-2018,12:18:39,546,-37.06,10E-6,-9.487,10E-6,0,10E-6
704,15-03-2018,12:18:49,546,-38.51,10E-6,-9.487,10E-6,0,10E-6
705,15-03-2018,12:18:59,546,-39.44,10E-6,-9.159,10E-6,0,10E-6
706,15-03-2018,12:19:09,546,-40.23,10E-6,-9.814,10E-6,0,10E-6
707,15-03-2018,12:19:19,546,-41.81,10E-6,-11.12,10E-6,0,10E-6
708,15-03-2018,12:19:29,546,-43.93,10E-6,-10.8,10E-6,0,10E-6
709,15-03-2018,12:19:39,546,-32.3,10E-6,-9.814,10E-6,0,10E-6
710,15-03-2018,12:19:49,546,-23.59,10E-6,-9.814,10E-6,0,10E-6
711,15-03-2018,12:19:59,546,-16.45,10E-6,-10.47,10E-6,0,10E-6
712,15-03-2018,12:20:09,546,-8.925,10E-6,-9.487,10E-6,0,10E-6
713,15-03-2018,12:20:19,546,-999.4E-3,10E-6,-8.177,10E-6,0,10E-6
714,15-03-2018,12:20:29,546,5.209,10E-6,-6.868,10E-6,0,10E-6
715,15-03-2018,12:20:39,546,9.568,10E-6,-2.94,10E-6,0,10E-6
716,15-03-2018,12:20:49,546,13.93,10E-6,2.297,10E-6,0,10E-6
717,15-03-2018,12:20:59,546,18.15,10E-6,6.552,10E-6,0,10E-6
718,15-03-2018,12:21:09,546,21.85,10E-6,10.15,10E-6,0,10E-6
719,15-03-2018,12:21:19,546,24.63,10E-6,12.12,10E-6,0,10E-6
720,15-03-2018,12:21:29,546,28.32,10E-6,16.04,10E-6,0,10E-6
721,15-03-2018,12:21:39,546,32.29,10E-6,19.97,10E-6,0,10E-6
722,15-03-2018,12:21:49,546,35.06,10E-6,23.57,10E-6,0,10E-6
723,15-03-2018,12:21:59,546,37.17,10E-6,25.54,10E-6,0,10E-6
724,15-03-2018,12:22:09,546,39.68,10E-6,29.14,10E-6,0,10E-6
725,15-03-2018,12:22:19,546,42.46,10E-6,33.39,10E-6,0,10E-6
726,15-03-2018,12:22:29,546,44.97,10E-6,36.67,10E-6,0,10E-6
727,15-03-2018,12:22:39,546,45.23,10E-6,36.99,10E-6,0,10E-6
728,15-03-2018,12:22:49,546,40.08,10E-6,26.52,10E-6,0,10E-6
729,15-03-2018,12:22:59,546,35.19,10E-6,18.99,10E-6,0,10E-6
730,15-03-2018,12:23:09,546,30.97,10E-6,14.41,10E-6,0,10E-6
731,15-03-2018,12:23:19,546,26.21,10E-6,8.843,10E-6,0,10E-6
732,15-03-2018,12:23:29,546,17.23,10E-6,987.6E-3,10E-6,0,10E-6
733,15-03-2018,12:23:39,546,8.907,10E-6,-6.541,10E-6,0,10E-6
734,15-03-2018,12:23:49,546,981.9E-3,10E-6,-8.505,10E-6,0,10E-6
735,15-03-2018,12:23:59,546,-6.019,10E-6,-9.814,10E-6,0,10E-6
736,15-03-2018,12:24:09,546,-11.43,10E-6,-8.832,10E-6,0,10E-6
737,15-03-2018,12:24:19,546,-16.45,10E-6,-8.177,10E-6,0,10E-6
738,15-03-2018,12:24:29,546,-20.94,10E-6,-7.85,10E-6,0,10E-6
739,15-03-2018,12:24:39,546,-25.04,10E-6,-9.159,10E-6,0,10E-6
740,15-03-2018,12:24:49,546,-26.76,10E-6,-8.505,10E-6,0,10E-6
741,15-03-2018,12:24:59,546,-28.61,10E-6,-7.523,10E-6,0,10E-6
742,15-03-2018,12:25:09,546,-31.25,10E-6,-7.523,10E-6,0,10E-6
743,15-03-2018,12:25:19,546,-34.02,10E-6,-9.159,10E-6,0,10E-6
744,15-03-2018,12:25:29,546,-35.74,10E-6,-8.832,10E-6,0,10E-6
745,15-03-2018,12:25:39,546,-37.06,10E-6,-7.85,10E-6,0,10E-6
746,15-03-2018,12:25:49,546,-38.12,10E-6,-8.177,10E-6,0,10E-6
747,15-03-2018,12:25:59,546,-39.3,10E-6,-9.159,10E-6,0,10E-6
748,15-03-2018,12:26:09,546,-39.3,10E-6,-8.505,10E-6,0,10E-6
749,15-03-2018,12:26:19,546,-39.44,10E-6,-7.85,10E-6,0,10E-6
750,15-03-2018,12:26:29,546,-41.29,10E-6,-7.85,10E-6,0,10E-6
751,15-03-2018,12:26:39,546,-30.46,10E-6,-8.505,10E-6,0,10E-6
752,15-03-2018,12:26:49,546,-21.21,10E-6,-7.85,10E-6,0,10E-6
753,15-03-2018,12:26:59,546,-12.49,10E-6,-6.868,10E-6,0,10E-6
754,15-03-2018,12:27:09,546,-5.358,10E-6,-6.868,10E-6,0,10E-6
755,15-03-2018,12:27:19,546,-74.82E-3,10E-6,-8.177,10E-6,0,10E-6
756,15-03-2018,12:27:29,546,4.945,10E-6,-6.541,10E-6,0,10E-6
757,15-03-2018,12:27:39,546,9.568,10E-6,-649E-3,10E-6,0,10E-6
758,15-03-2018,12:27:49,546,13.66,10E-6,3.279,10E-6,0,10E-6
759,15-03-2018,12:27:59,546,16.83,10E-6,5.57,10E-6,0,10E-6
760,15-03-2018,12:28:09,546,20.66,10E-6,9.171,10E-6,0,10E-6
761,15-03-2018,12:28:19,546,24.1,10E-6,13.1,10E-6,0,10E-6
762,15-03-2018,12:28:29,546,27.14,10E-6,16.04,10E-6,0,10E-6
763,15-03-2018,12:28:39,546,29.64,10E-6,17.68,10E-6,0,10E-6
764,15-03-2018,12:28:49,546,32.55,10E-6,21.28,10E-6,0,10E-6
765,15-03-2018,12:28:59,546,35.32,10E-6,25.21,10E-6,0,10E-6
766,15-03-2018,12:29:09,546,37.83,10E-6,28.48,10E-6,0,10E-6
767,15-03-2018,12:29:19,546,40.61,10E-6,30.77,10E-6,0,10E-6
768,15-03-2018,12:29:29,546,44.04,10E-6,35.03,10E-6,0,10E-6
769,15-03-2018,12:29:39,546,45.89,10E-6,37.98,10E-6,0,10E-6
770,15-03-2018,12:29:49,546,40.48,10E-6,26.19,10E-6,0,10E-6
771,15-03-2018,12:29:59,546,35.72,10E-6,18.99,10E-6,0,10E-6
772,15-03-2018,12:30:09,546,31.23,10E-6,13.43,10E-6,0,10E-6
773,15-03-2018,12:30:19,546,27.53,10E-6,10.48,10E-6,0,10E-6
774,15-03-2018,12:30:29,546,18.42,10E-6,3.606,10E-6,0,10E-6
775,15-03-2018,12:30:39,546,9.436,10E-6,-5.232,10E-6,0,10E-6
776,15-03-2018,12:30:49,546,2.435,10E-6,-6.214,10E-6,0,10E-6
777,15-03-2018,12:30:59,546,-3.377,10E-6,-5.559,10E-6,0,10E-6
778,15-03-2018,12:31:09,546,-9.057,10E-6,-5.559,10E-6,0,10E-6
779,15-03-2018,12:31:19,546,-14.6,10E-6,-6.868,10E-6,0,10E-6
780,15-03-2018,12:31:29,546,-18.3,10E-6,-6.214,10E-6,0,10E-6
781,15-03-2018,12:31:39,546,-21.21,10E-6,-5.886,10E-6,0,10E-6
782,15-03-2018,12:31:49,546,-24.38,10E-6,-6.541,10E-6,0,10E-6
783,15-03-2018,12:31:59,546,-28.34,10E-6,-8.832,10E-6,0,10E-6
784,15-03-2018,12:32:09,546,-31.25,10E-6,-9.159,10E-6,0,10E-6
785,15-03-2018,12:32:19,546,-33.49,10E-6,-8.832,10E-6,0,10E-6
786,15-03-2018,12:32:29,546,-35.61,10E-6,-9.487,10E-6,0,10E-6
787,15-03-2018,12:32:39,546,-37.72,10E-6,-11.12,10E-6,0,10E-6
788,15-03-2018,12:32:49,546,-38.91,10E-6,-10.8,10E-6,0,10E-6
789,15-03-2018,12:32:59,546,-39.57,10E-6,-10.14,10E-6,0,10E-6
790,15-03-2018,12:33:09,546,-40.36,10E-6,-10.14,10E-6,0,10E-6
791,15-03-2018,12:33:19,546,-41.55,10E-6,-11.45,10E-6,0,10E-6
792,15-03-2018,12:33:29,546,-43.53,10E-6,-10.8,10E-6,0,10E-6
793,15-03-2018,12:33:39,546,-32.3,10E-6,-9.487,10E-6,0,10E-6
794,15-03-2018,12:33:49,546,-23.59,10E-6,-8.505,10E-6,0,10E-6
795,15-03-2018,12:33:59,546,-15.53,10E-6,-9.159,10E-6,0,10E-6
796,15-03-2018,12:34:09,546,-7.208,10E-6,-7.85,10E-6,0,10E-6
797,15-03-2018,12:34:19,546,-339E-3,10E-6,-6.868,10E-6,0,10E-6
798,15-03-2018,12:34:29,546,4.812,10E-6,-5.559,10E-6,0,10E-6
799,15-03-2018,12:34:39,546,9.171,10E-6,-1.631,10E-6,0,10E-6
800,15-03-2018,12:34:49,546,13.66,10E-6,2.952,10E-6,0,10E-6
801,15-03-2018,12:34:59,546,18.15,10E-6,7.207,10E-6,0,10E-6
802,15-03-2018,12:35:09,546,21.85,10E-6,10.48,10E-6,0,10E-6
803,15-03-2018,12:35:19,546,25.15,10E-6,11.79,10E-6,0,10E-6
804,15-03-2018,12:35:29,546,29.12,10E-6,15.39,10E-6,0,10E-6
805,15-03-2018,12:35:39,546,32.68,10E-6,19.32,10E-6,0,10E-6
806,15-03-2018,12:35:49,546,35.32,10E-6,22.26,10E-6,0,10E-6
807,15-03-2018,12:35:59,546,37.17,10E-6,24.55,10E-6,0,10E-6
808,15-03-2018,12:36:09,546,39.95,10E-6,28.48,10E-6,0,10E-6
809,15-03-2018,12:36:19,546,42.85,10E-6,32.74,10E-6,0,10E-6
810,15-03-2018,12:36:29,546,44.84,10E-6,36.01,10E-6,0,10E-6
811,15-03-2018,12:36:39,546,44.7,10E-6,36.67,10E-6,0,10E-6
812,15-03-2018,12:36:49,546,39.68,10E-6,26.52,10E-6,0,10E-6
813,15-03-2018,12:36:59,546,34.8,10E-6,19.32,10E-6,0,10E-6
814,15-03-2018,12:37:09,546,30.7,10E-6,15.39,10E-6,0,10E-6
815,15-03-2018,12:37:19,546,26.08,10E-6,10.15,10E-6,0,10E-6
816,15-03-2018,12:37:29,546,17.23,10E-6,2.624,10E-6,0,10E-6
817,15-03-2018,12:37:39,546,8.907,10E-6,-5.232,10E-6,0,10E-6
818,15-03-2018,12:37:49,546,981.9E-3,10E-6,-7.523,10E-6,0,10E-6
819,15-03-2018,12:37:59,546,-5.887,10E-6,-8.832,10E-6,0,10E-6
820,15-03-2018,12:38:09,546,-11.43,10E-6,-8.505,10E-6,0,10E-6
821,15-03-2018,12:38:19,546,-16.45,10E-6,-7.85,10E-6,0,10E-6
822,15-03-2018,12:38:29,546,-20.94,10E-6,-7.85,10E-6,0,10E-6
823,15-03-2018,12:38:39,546,-24.51,10E-6,-9.159,10E-6,0,10E-6
824,15-03-2018,12:38:49,546,-26.49,10E-6,-9.159,10E-6,0,10E-6
825,15-03-2018,12:38:59,546,-28.61,10E-6,-8.505,10E-6,0,10E-6
826,15-03-2018,12:39:09,546,-31.25,10E-6,-9.159,10E-6,0,10E-6
827,15-03-2018,12:39:19,546,-34.02,10E-6,-10.47,10E-6,0,10E-6
828,15-03-2018,12:39:29,546,-35.74,10E-6,-9.814,10E-6,0,10E-6
829,15-03-2018,12:39:39,546,-37.06,10E-6,-8.832,10E-6,0,10E-6
830,15-03-2018,12:39:49,546,-38.12,10E-6,-8.505,10E-6,0,10E-6
831,15-03-2018,12:39:59,546,-39.17,10E-6,-9.487,10E-6,0,10E-6
832,15-03-2018,12:40:09,546,-39.3,10E-6,-8.505,10E-6,0,10E-6
833,15-03-2018,12:40:19,546,-39.3,10E-6,-7.195,10E-6,0,10E-6
834,15-03-2018,12:40:29,546,-41.29,10E-6,-6.868,10E-6,0,10E-6
835,15-03-2018,12:40:39,546,-30.59,10E-6,-7.523,10E-6,0,10E-6
836,15-03-2018,12:40:49,546,-21.34,10E-6,-6.214,10E-6,0,10E-6
837,15-03-2018,12:40:59,546,-12.76,10E-6,-5.232,10E-6,0,10E-6
838,15-03-2018,12:41:09,546,-5.358,10E-6,-5.559,10E-6,0,10E-6
839,15-03-2018,12:41:19,546,321.4E-3,10E-6,-6.868,10E-6,0,10E-6
840,15-03-2018,12:41:29,546,5.341,10E-6,-5.886,10E-6,0,10E-6
841,15-03-2018,12:41:39,546,9.964,10E-6,-321.7E-3,10E-6,0,10E-6
842,15-03-2018,12:41:49,546,13.79,10E-6,3.606,10E-6,0,10E-6
843,15-03-2018,12:41:59,546,17.1,10E-6,4.916,10E-6,0,10E-6
844,15-03-2018,12:42:09,546,20.66,10E-6,8.516,10E-6,0,10E-6
845,15-03-2018,12:42:19,546,24.1,10E-6,12.12,10E-6,0,10E-6
846,15-03-2018,12:42:29,546,27.14,10E-6,14.74,10E-6,0,10E-6
847,15-03-2018,12:42:39,546,29.51,10E-6,16.37,10E-6,0,10E-6
848,15-03-2018,12:42:49,546,32.42,10E-6,20.3,10E-6,0,10E-6
849,15-03-2018,12:42:59,546,35.19,10E-6,24.55,10E-6,0,10E-6
850,15-03-2018,12:43:09,546,37.57,10E-6,28.16,10E-6,0,10E-6
851,15-03-2018,12:43:19,546,39.82,10E-6,30.45,10E-6,0,10E-6
852,15-03-2018,12:43:29,546,42.99,10E-6,35.03,10E-6,0,10E-6
853,15-03-2018,12:43:39,546,45.5,10E-6,38.3,10E-6,0,10E-6
854,15-03-2018,12:43:49,546,40.87,10E-6,27.17,10E-6,0,10E-6
855,15-03-2018,12:43:59,546,36.12,10E-6,20.3,10E-6,0,10E-6
856,15-03-2018,12:44:09,546,-74.82E-3,10E-6,5.64E-3,10E-6,2.6,10E-6
857,15-03-2018,12:44:19,546,-74.82E-3,10E-6,5.64E-3,10E-6,2.6,10E-6
858,15-03-2018,12:44:29,546,-74.82E-3,10E-6,5.64E-3,10E-6,2.6,10E-6
859,15-03-2018,12:44:39,546,-74.82E-3,10E-6,5.64E-3,10E-6,2.6,10E-6
860,15-03-2018,12:44:49,546,-74.82E-3,10E-6,5.64E-3,10E-6,2.6,10E-6
861,15-03-2018,12:44:59,546,-74.82E-3,10E-6,5.64E-3,10E-6,2.6,10E-6
862,15-03-2018,12:45:09,546,-74.82E-3,10E-6,5.64E-3,10E-6,2.6,10E-6
863,15-03-2018,12:45:19,546,-74.82E-3,10E-6,5.64E-3,10E-6,2.6,10E-6
864,15-03-2018,12:45:29,546,-74.82E-3,10E-6,5.64E-3,10E-6,2.6,10E-6
865,15-03-2018,12:45:39,546,-74.82E-3,10E-6,5.64E-3,10E-6,2.6,10E-6
